epoch,train_loss,train_acc,test_loss,test_acc
1,1.8232092467943828,0.53,0.5841086300214132,0.73
2,0.6610732467969259,0.62,0.677182221810023,0.53
3,0.6098784879843394,0.65,0.5475352426369985,0.74
4,0.5489941994349162,0.725,0.4622431282202403,0.81
5,0.4478896955649058,0.795,0.4429072948296865,0.8166666666666667
6,0.40792828241984047,0.825,0.38709497690200806,0.8233333333333334
7,0.37059324542681377,0.8383333333333334,0.40720370193322497,0.8266666666666667
8,0.3884040160973867,0.8066666666666666,0.41409438868363696,0.8266666666666667
9,0.41712849974632266,0.76,0.43321082413196565,0.8033333333333333
10,0.3542240846157074,0.7833333333333333,0.40329203188419344,0.8033333333333333
11,0.3397221871217092,0.795,0.360620564421018,0.84
12,0.3369141527016958,0.7966666666666666,0.43109748780727386,0.78
13,0.3570390450954437,0.7666666666666667,0.7673707643647989,0.6533333333333333
14,0.35045390884081523,0.7783333333333333,0.4473887559771538,0.7833333333333333
15,0.3064775272210439,0.795,0.38444082260131834,0.79
16,0.34590020140012107,0.795,0.45260487775007885,0.7833333333333333
17,0.3033491679032644,0.8216666666666667,0.4556924490133921,0.7433333333333333
18,0.34062771797180175,0.8133333333333334,1.083308308745424,0.6633333333333333
19,0.3125711270173391,0.8033333333333333,0.5685116223990917,0.7666666666666667
20,0.29335799217224123,0.8183333333333334,0.5193845543265343,0.7666666666666667
21,0.2884152623017629,0.8166666666666667,0.43873176713784534,0.78
22,0.3161018820603689,0.7983333333333333,0.3761105064551036,0.8266666666666667
23,0.3134927749633789,0.805,0.5187742201487223,0.7666666666666667
24,0.2972076439857483,0.8,0.9893440641462803,0.66
25,0.3151596971352895,0.8133333333333334,0.8320049326618513,0.7166666666666667
26,0.264311705827713,0.8333333333333334,0.6159359383086364,0.7066666666666667
27,0.312735675573349,0.7983333333333333,0.5208264860510826,0.67
28,0.30430591662724815,0.805,0.6464968294401964,0.7133333333333334
29,0.29822313189506533,0.8083333333333333,0.54941745514671,0.77
30,0.278270601828893,0.8333333333333334,0.6954880570868651,0.7766666666666666
