component,explained_variance_ratio,cumulative_variance
1,0.44272,0.44272
2,0.189712,0.632432
3,0.093932,0.726364
4,0.066021,0.792385
5,0.054958,0.847343
6,0.040245,0.887588
7,0.022507,0.910095
8,0.015887,0.925983
9,0.013896,0.939879
10,0.01169,0.951569
11,0.009797,0.961366
12,0.008705,0.970071
13,0.008045,0.978117
14,0.005234,0.98335
15,0.003138,0.986488
16,0.002662,0.98915
17,0.00198,0.99113
18,0.001754,0.992884
19,0.001649,0.994533
20,0.001039,0.995572
21,0.000999,0.996571
22,0.000915,0.997486
23,0.000811,0.998297
24,0.000602,0.998899
25,0.000516,0.999415
26,0.000273,0.999688
27,0.00023,0.999918
28,5.3e-05,0.999971
29,2.5e-05,0.999996
30,4e-06,1.0
